id,name,category,dimension,trueSize,unit,svg,source,sourceUrl,license,assetStatus,measurementMethod
geo-fiji,Fiji,geography,projected_width,33848.0,km,assets/geography/geo-fiji.svg,Natural Earth Admin 0 Countries,https://www.naturalearthdata.com/downloads/110m-cultural-vectors/110m-admin-0-countries/,Public Domain,embedded,"Equal Earth (EPSG:8857) bounding-box width; game convention, not an official national statistic"
geo-tanzania,Tanzania,geography,projected_width,1026.1,km,assets/geography/geo-tanzania.svg,Natural Earth Admin 0 Countries,https://www.naturalearthdata.com/downloads/110m-cultural-vectors/110m-admin-0-countries/,Public Domain,embedded,"Equal Earth (EPSG:8857) bounding-box width; game convention, not an official national statistic"
geo-w-sahara,W. Sahara,geography,projected_width,798.2,km,assets/geography/geo-w-sahara.svg,Natural Earth Admin 0 Countries,https://www.naturalearthdata.com/downloads/110m-cultural-vectors/110m-admin-0-countries/,Public Domain,embedded,"Equal Earth (EPSG:8857) bounding-box width; game convention, not an official national statistic"
geo-canada,Canada,geography,projected_width,6635.2,km,assets/geography/geo-canada.svg,Natural Earth Admin 0 Countries,https://www.naturalearthdata.com/downloads/110m-cultural-vectors/110m-admin-0-countries/,Public Domain,embedded,"Equal Earth (EPSG:8857) bounding-box width; game convention, not an official national statistic"
geo-united-states-of-america,United States of America,geography,projected_width,9287.6,km,assets/geography/geo-united-states-of-america.svg,Natural Earth Admin 0 Countries,https://www.naturalearthdata.com/downloads/110m-cultural-vectors/110m-admin-0-countries/,Public Domain,embedded,"Equal Earth (EPSG:8857) bounding-box width; game convention, not an official national statistic"
geo-kazakhstan,Kazakhstan,geography,projected_width,3236.8,km,assets/geography/geo-kazakhstan.svg,Natural Earth Admin 0 Countries,https://www.naturalearthdata.com/downloads/110m-cultural-vectors/110m-admin-0-countries/,Public Domain,embedded,"Equal Earth (EPSG:8857) bounding-box width; game convention, not an official national statistic"
geo-uzbekistan,Uzbekistan,geography,projected_width,1577.7,km,assets/geography/geo-uzbekistan.svg,Natural Earth Admin 0 Countries,https://www.naturalearthdata.com/downloads/110m-cultural-vectors/110m-admin-0-countries/,Public Domain,embedded,"Equal Earth (EPSG:8857) bounding-box width; game convention, not an official national statistic"
geo-papua-new-guinea,Papua New Guinea,geography,projected_width,1470.5,km,assets/geography/geo-papua-new-guinea.svg,Natural Earth Admin 0 Countries,https://www.naturalearthdata.com/downloads/110m-cultural-vectors/110m-admin-0-countries/,Public Domain,embedded,"Equal Earth (EPSG:8857) bounding-box width; game convention, not an official national statistic"
geo-indonesia,Indonesia,geography,projected_width,4391.9,km,assets/geography/geo-indonesia.svg,Natural Earth Admin 0 Countries,https://www.naturalearthdata.com/downloads/110m-cultural-vectors/110m-admin-0-countries/,Public Domain,embedded,"Equal Earth (EPSG:8857) bounding-box width; game convention, not an official national statistic"
geo-argentina,Argentina,geography,projected_width,1421.3,km,assets/geography/geo-argentina.svg,Natural Earth Admin 0 Countries,https://www.naturalearthdata.com/downloads/110m-cultural-vectors/110m-admin-0-countries/,Public Domain,embedded,"Equal Earth (EPSG:8857) bounding-box width; game convention, not an official national statistic"
geo-chile,Chile,geography,projected_width,1500.0,km,assets/geography/geo-chile.svg,Natural Earth Admin 0 Countries,https://www.naturalearthdata.com/downloads/110m-cultural-vectors/110m-admin-0-countries/,Public Domain,embedded,"Equal Earth (EPSG:8857) bounding-box width; game convention, not an official national statistic"
geo-dem-rep-congo,Dem. Rep. Congo,geography,projected_width,1821.2,km,assets/geography/geo-dem-rep-congo.svg,Natural Earth Admin 0 Countries,https://www.naturalearthdata.com/downloads/110m-cultural-vectors/110m-admin-0-countries/,Public Domain,embedded,"Equal Earth (EPSG:8857) bounding-box width; game convention, not an official national statistic"
geo-somalia,Somalia,geography,projected_width,926.5,km,assets/geography/geo-somalia.svg,Natural Earth Admin 0 Countries,https://www.naturalearthdata.com/downloads/110m-cultural-vectors/110m-admin-0-countries/,Public Domain,embedded,"Equal Earth (EPSG:8857) bounding-box width; game convention, not an official national statistic"
geo-kenya,Kenya,geography,projected_width,758.3,km,assets/geography/geo-kenya.svg,Natural Earth Admin 0 Countries,https://www.naturalearthdata.com/downloads/110m-cultural-vectors/110m-admin-0-countries/,Public Domain,embedded,"Equal Earth (EPSG:8857) bounding-box width; game convention, not an official national statistic"
geo-sudan,Sudan,geography,projected_width,1516.5,km,assets/geography/geo-sudan.svg,Natural Earth Admin 0 Countries,https://www.naturalearthdata.com/downloads/110m-cultural-vectors/110m-admin-0-countries/,Public Domain,embedded,"Equal Earth (EPSG:8857) bounding-box width; game convention, not an official national statistic"
geo-chad,Chad,geography,projected_width,970.4,km,assets/geography/geo-chad.svg,Natural Earth Admin 0 Countries,https://www.naturalearthdata.com/downloads/110m-cultural-vectors/110m-admin-0-countries/,Public Domain,embedded,"Equal Earth (EPSG:8857) bounding-box width; game convention, not an official national statistic"
geo-haiti,Haiti,geography,projected_width,282.3,km,assets/geography/geo-haiti.svg,Natural Earth Admin 0 Countries,https://www.naturalearthdata.com/downloads/110m-cultural-vectors/110m-admin-0-countries/,Public Domain,embedded,"Equal Earth (EPSG:8857) bounding-box width; game convention, not an official national statistic"
geo-dominican-rep,Dominican Rep.,geography,projected_width,338.8,km,assets/geography/geo-dominican-rep.svg,Natural Earth Admin 0 Countries,https://www.naturalearthdata.com/downloads/110m-cultural-vectors/110m-admin-0-countries/,Public Domain,embedded,"Equal Earth (EPSG:8857) bounding-box width; game convention, not an official national statistic"
geo-russia,Russia,geography,projected_width,25006.7,km,assets/geography/geo-russia.svg,Natural Earth Admin 0 Countries,https://www.naturalearthdata.com/downloads/110m-cultural-vectors/110m-admin-0-countries/,Public Domain,embedded,"Equal Earth (EPSG:8857) bounding-box width; game convention, not an official national statistic"
geo-bahamas,Bahamas,geography,projected_width,183.0,km,assets/geography/geo-bahamas.svg,Natural Earth Admin 0 Countries,https://www.naturalearthdata.com/downloads/110m-cultural-vectors/110m-admin-0-countries/,Public Domain,embedded,"Equal Earth (EPSG:8857) bounding-box width; game convention, not an official national statistic"
geo-falkland-is,Falkland Is.,geography,projected_width,257.3,km,assets/geography/geo-falkland-is.svg,Natural Earth Admin 0 Countries,https://www.naturalearthdata.com/downloads/110m-cultural-vectors/110m-admin-0-countries/,Public Domain,embedded,"Equal Earth (EPSG:8857) bounding-box width; game convention, not an official national statistic"
geo-norway,Norway,geography,projected_width,1679.6,km,assets/geography/geo-norway.svg,Natural Earth Admin 0 Countries,https://www.naturalearthdata.com/downloads/110m-cultural-vectors/110m-admin-0-countries/,Public Domain,embedded,"Equal Earth (EPSG:8857) bounding-box width; game convention, not an official national statistic"
geo-greenland,Greenland,geography,projected_width,3689.2,km,assets/geography/geo-greenland.svg,Natural Earth Admin 0 Countries,https://www.naturalearthdata.com/downloads/110m-cultural-vectors/110m-admin-0-countries/,Public Domain,embedded,"Equal Earth (EPSG:8857) bounding-box width; game convention, not an official national statistic"
geo-fr-s-antarctic-lands,Fr. S. Antarctic Lands,geography,projected_width,172.9,km,assets/geography/geo-fr-s-antarctic-lands.svg,Natural Earth Admin 0 Countries,https://www.naturalearthdata.com/downloads/110m-cultural-vectors/110m-admin-0-countries/,Public Domain,embedded,"Equal Earth (EPSG:8857) bounding-box width; game convention, not an official national statistic"
geo-timor-leste,Timor-Leste,geography,projected_width,233.0,km,assets/geography/geo-timor-leste.svg,Natural Earth Admin 0 Countries,https://www.naturalearthdata.com/downloads/110m-cultural-vectors/110m-admin-0-countries/,Public Domain,embedded,"Equal Earth (EPSG:8857) bounding-box width; game convention, not an official national statistic"
geo-south-africa,South Africa,geography,projected_width,1509.8,km,assets/geography/geo-south-africa.svg,Natural Earth Admin 0 Countries,https://www.naturalearthdata.com/downloads/110m-cultural-vectors/110m-admin-0-countries/,Public Domain,embedded,"Equal Earth (EPSG:8857) bounding-box width; game convention, not an official national statistic"
geo-lesotho,Lesotho,geography,projected_width,215.9,km,assets/geography/geo-lesotho.svg,Natural Earth Admin 0 Countries,https://www.naturalearthdata.com/downloads/110m-cultural-vectors/110m-admin-0-countries/,Public Domain,embedded,"Equal Earth (EPSG:8857) bounding-box width; game convention, not an official national statistic"
geo-mexico,Mexico,geography,projected_width,2372.1,km,assets/geography/geo-mexico.svg,Natural Earth Admin 0 Countries,https://www.naturalearthdata.com/downloads/110m-cultural-vectors/110m-admin-0-countries/,Public Domain,embedded,"Equal Earth (EPSG:8857) bounding-box width; game convention, not an official national statistic"
geo-uruguay,Uruguay,geography,projected_width,465.6,km,assets/geography/geo-uruguay.svg,Natural Earth Admin 0 Countries,https://www.naturalearthdata.com/downloads/110m-cultural-vectors/110m-admin-0-countries/,Public Domain,embedded,"Equal Earth (EPSG:8857) bounding-box width; game convention, not an official national statistic"
geo-brazil,Brazil,geography,projected_width,3744.9,km,assets/geography/geo-brazil.svg,Natural Earth Admin 0 Countries,https://www.naturalearthdata.com/downloads/110m-cultural-vectors/110m-admin-0-countries/,Public Domain,embedded,"Equal Earth (EPSG:8857) bounding-box width; game convention, not an official national statistic"
geo-bolivia,Bolivia,geography,projected_width,1225.7,km,assets/geography/geo-bolivia.svg,Natural Earth Admin 0 Countries,https://www.naturalearthdata.com/downloads/110m-cultural-vectors/110m-admin-0-countries/,Public Domain,embedded,"Equal Earth (EPSG:8857) bounding-box width; game convention, not an official national statistic"
geo-peru,Peru,geography,projected_width,1309.5,km,assets/geography/geo-peru.svg,Natural Earth Admin 0 Countries,https://www.naturalearthdata.com/downloads/110m-cultural-vectors/110m-admin-0-countries/,Public Domain,embedded,"Equal Earth (EPSG:8857) bounding-box width; game convention, not an official national statistic"
geo-colombia,Colombia,geography,projected_width,1159.7,km,assets/geography/geo-colombia.svg,Natural Earth Admin 0 Countries,https://www.naturalearthdata.com/downloads/110m-cultural-vectors/110m-admin-0-countries/,Public Domain,embedded,"Equal Earth (EPSG:8857) bounding-box width; game convention, not an official national statistic"
geo-panama,Panama,geography,projected_width,543.1,km,assets/geography/geo-panama.svg,Natural Earth Admin 0 Countries,https://www.naturalearthdata.com/downloads/110m-cultural-vectors/110m-admin-0-countries/,Public Domain,embedded,"Equal Earth (EPSG:8857) bounding-box width; game convention, not an official national statistic"
geo-costa-rica,Costa Rica,geography,projected_width,307.0,km,assets/geography/geo-costa-rica.svg,Natural Earth Admin 0 Countries,https://www.naturalearthdata.com/downloads/110m-cultural-vectors/110m-admin-0-countries/,Public Domain,embedded,"Equal Earth (EPSG:8857) bounding-box width; game convention, not an official national statistic"
geo-nicaragua,Nicaragua,geography,projected_width,461.2,km,assets/geography/geo-nicaragua.svg,Natural Earth Admin 0 Countries,https://www.naturalearthdata.com/downloads/110m-cultural-vectors/110m-admin-0-countries/,Public Domain,embedded,"Equal Earth (EPSG:8857) bounding-box width; game convention, not an official national statistic"
geo-honduras,Honduras,geography,projected_width,595.3,km,assets/geography/geo-honduras.svg,Natural Earth Admin 0 Countries,https://www.naturalearthdata.com/downloads/110m-cultural-vectors/110m-admin-0-countries/,Public Domain,embedded,"Equal Earth (EPSG:8857) bounding-box width; game convention, not an official national statistic"
geo-el-salvador,El Salvador,geography,projected_width,225.0,km,assets/geography/geo-el-salvador.svg,Natural Earth Admin 0 Countries,https://www.naturalearthdata.com/downloads/110m-cultural-vectors/110m-admin-0-countries/,Public Domain,embedded,"Equal Earth (EPSG:8857) bounding-box width; game convention, not an official national statistic"
geo-guatemala,Guatemala,geography,projected_width,399.4,km,assets/geography/geo-guatemala.svg,Natural Earth Admin 0 Countries,https://www.naturalearthdata.com/downloads/110m-cultural-vectors/110m-admin-0-countries/,Public Domain,embedded,"Equal Earth (EPSG:8857) bounding-box width; game convention, not an official national statistic"
geo-belize,Belize,geography,projected_width,156.5,km,assets/geography/geo-belize.svg,Natural Earth Admin 0 Countries,https://www.naturalearthdata.com/downloads/110m-cultural-vectors/110m-admin-0-countries/,Public Domain,embedded,"Equal Earth (EPSG:8857) bounding-box width; game convention, not an official national statistic"
geo-venezuela,Venezuela,geography,projected_width,1284.3,km,assets/geography/geo-venezuela.svg,Natural Earth Admin 0 Countries,https://www.naturalearthdata.com/downloads/110m-cultural-vectors/110m-admin-0-countries/,Public Domain,embedded,"Equal Earth (EPSG:8857) bounding-box width; game convention, not an official national statistic"
geo-guyana,Guyana,geography,projected_width,453.0,km,assets/geography/geo-guyana.svg,Natural Earth Admin 0 Countries,https://www.naturalearthdata.com/downloads/110m-cultural-vectors/110m-admin-0-countries/,Public Domain,embedded,"Equal Earth (EPSG:8857) bounding-box width; game convention, not an official national statistic"
geo-suriname,Suriname,geography,projected_width,397.2,km,assets/geography/geo-suriname.svg,Natural Earth Admin 0 Countries,https://www.naturalearthdata.com/downloads/110m-cultural-vectors/110m-admin-0-countries/,Public Domain,embedded,"Equal Earth (EPSG:8857) bounding-box width; game convention, not an official national statistic"
geo-france,France,geography,projected_width,6022.7,km,assets/geography/geo-france.svg,Natural Earth Admin 0 Countries,https://www.naturalearthdata.com/downloads/110m-cultural-vectors/110m-admin-0-countries/,Public Domain,embedded,"Equal Earth (EPSG:8857) bounding-box width; game convention, not an official national statistic"
geo-ecuador,Ecuador,geography,projected_width,546.9,km,assets/geography/geo-ecuador.svg,Natural Earth Admin 0 Countries,https://www.naturalearthdata.com/downloads/110m-cultural-vectors/110m-admin-0-countries/,Public Domain,embedded,"Equal Earth (EPSG:8857) bounding-box width; game convention, not an official national statistic"
geo-puerto-rico,Puerto Rico,geography,projected_width,153.7,km,assets/geography/geo-puerto-rico.svg,Natural Earth Admin 0 Countries,https://www.naturalearthdata.com/downloads/110m-cultural-vectors/110m-admin-0-countries/,Public Domain,embedded,"Equal Earth (EPSG:8857) bounding-box width; game convention, not an official national statistic"
geo-jamaica,Jamaica,geography,projected_width,193.5,km,assets/geography/geo-jamaica.svg,Natural Earth Admin 0 Countries,https://www.naturalearthdata.com/downloads/110m-cultural-vectors/110m-admin-0-countries/,Public Domain,embedded,"Equal Earth (EPSG:8857) bounding-box width; game convention, not an official national statistic"
geo-cuba,Cuba,geography,projected_width,964.4,km,assets/geography/geo-cuba.svg,Natural Earth Admin 0 Countries,https://www.naturalearthdata.com/downloads/110m-cultural-vectors/110m-admin-0-countries/,Public Domain,embedded,"Equal Earth (EPSG:8857) bounding-box width; game convention, not an official national statistic"
geo-zimbabwe,Zimbabwe,geography,projected_width,718.0,km,assets/geography/geo-zimbabwe.svg,Natural Earth Admin 0 Countries,https://www.naturalearthdata.com/downloads/110m-cultural-vectors/110m-admin-0-countries/,Public Domain,embedded,"Equal Earth (EPSG:8857) bounding-box width; game convention, not an official national statistic"
geo-botswana,Botswana,geography,projected_width,898.6,km,assets/geography/geo-botswana.svg,Natural Earth Admin 0 Countries,https://www.naturalearthdata.com/downloads/110m-cultural-vectors/110m-admin-0-countries/,Public Domain,embedded,"Equal Earth (EPSG:8857) bounding-box width; game convention, not an official national statistic"
geo-namibia,Namibia,geography,projected_width,1249.3,km,assets/geography/geo-namibia.svg,Natural Earth Admin 0 Countries,https://www.naturalearthdata.com/downloads/110m-cultural-vectors/110m-admin-0-countries/,Public Domain,embedded,"Equal Earth (EPSG:8857) bounding-box width; game convention, not an official national statistic"
geo-senegal,Senegal,geography,projected_width,576.4,km,assets/geography/geo-senegal.svg,Natural Earth Admin 0 Countries,https://www.naturalearthdata.com/downloads/110m-cultural-vectors/110m-admin-0-countries/,Public Domain,embedded,"Equal Earth (EPSG:8857) bounding-box width; game convention, not an official national statistic"
geo-mali,Mali,geography,projected_width,1548.8,km,assets/geography/geo-mali.svg,Natural Earth Admin 0 Countries,https://www.naturalearthdata.com/downloads/110m-cultural-vectors/110m-admin-0-countries/,Public Domain,embedded,"Equal Earth (EPSG:8857) bounding-box width; game convention, not an official national statistic"
geo-mauritania,Mauritania,geography,projected_width,1132.4,km,assets/geography/geo-mauritania.svg,Natural Earth Admin 0 Countries,https://www.naturalearthdata.com/downloads/110m-cultural-vectors/110m-admin-0-countries/,Public Domain,embedded,"Equal Earth (EPSG:8857) bounding-box width; game convention, not an official national statistic"
geo-benin,Benin,geography,projected_width,287.3,km,assets/geography/geo-benin.svg,Natural Earth Admin 0 Countries,https://www.naturalearthdata.com/downloads/110m-cultural-vectors/110m-admin-0-countries/,Public Domain,embedded,"Equal Earth (EPSG:8857) bounding-box width; game convention, not an official national statistic"
geo-niger,Niger,geography,projected_width,1450.2,km,assets/geography/geo-niger.svg,Natural Earth Admin 0 Countries,https://www.naturalearthdata.com/downloads/110m-cultural-vectors/110m-admin-0-countries/,Public Domain,embedded,"Equal Earth (EPSG:8857) bounding-box width; game convention, not an official national statistic"
geo-nigeria,Nigeria,geography,projected_width,1124.7,km,assets/geography/geo-nigeria.svg,Natural Earth Admin 0 Countries,https://www.naturalearthdata.com/downloads/110m-cultural-vectors/110m-admin-0-countries/,Public Domain,embedded,"Equal Earth (EPSG:8857) bounding-box width; game convention, not an official national statistic"
geo-cameroon,Cameroon,geography,projected_width,721.4,km,assets/geography/geo-cameroon.svg,Natural Earth Admin 0 Countries,https://www.naturalearthdata.com/downloads/110m-cultural-vectors/110m-admin-0-countries/,Public Domain,embedded,"Equal Earth (EPSG:8857) bounding-box width; game convention, not an official national statistic"
geo-togo,Togo,geography,projected_width,182.9,km,assets/geography/geo-togo.svg,Natural Earth Admin 0 Countries,https://www.naturalearthdata.com/downloads/110m-cultural-vectors/110m-admin-0-countries/,Public Domain,embedded,"Equal Earth (EPSG:8857) bounding-box width; game convention, not an official national statistic"
geo-ghana,Ghana,geography,projected_width,411.2,km,assets/geography/geo-ghana.svg,Natural Earth Admin 0 Countries,https://www.naturalearthdata.com/downloads/110m-cultural-vectors/110m-admin-0-countries/,Public Domain,embedded,"Equal Earth (EPSG:8857) bounding-box width; game convention, not an official national statistic"
geo-cote-d-ivoire,Côte d'Ivoire,geography,projected_width,577.4,km,assets/geography/geo-cote-d-ivoire.svg,Natural Earth Admin 0 Countries,https://www.naturalearthdata.com/downloads/110m-cultural-vectors/110m-admin-0-countries/,Public Domain,embedded,"Equal Earth (EPSG:8857) bounding-box width; game convention, not an official national statistic"
geo-guinea,Guinea,geography,projected_width,690.4,km,assets/geography/geo-guinea.svg,Natural Earth Admin 0 Countries,https://www.naturalearthdata.com/downloads/110m-cultural-vectors/110m-admin-0-countries/,Public Domain,embedded,"Equal Earth (EPSG:8857) bounding-box width; game convention, not an official national statistic"
geo-guinea-bissau,Guinea-Bissau,geography,projected_width,282.5,km,assets/geography/geo-guinea-bissau.svg,Natural Earth Admin 0 Countries,https://www.naturalearthdata.com/downloads/110m-cultural-vectors/110m-admin-0-countries/,Public Domain,embedded,"Equal Earth (EPSG:8857) bounding-box width; game convention, not an official national statistic"
geo-liberia,Liberia,geography,projected_width,371.4,km,assets/geography/geo-liberia.svg,Natural Earth Admin 0 Countries,https://www.naturalearthdata.com/downloads/110m-cultural-vectors/110m-admin-0-countries/,Public Domain,embedded,"Equal Earth (EPSG:8857) bounding-box width; game convention, not an official national statistic"
geo-sierra-leone,Sierra Leone,geography,projected_width,286.7,km,assets/geography/geo-sierra-leone.svg,Natural Earth Admin 0 Countries,https://www.naturalearthdata.com/downloads/110m-cultural-vectors/110m-admin-0-countries/,Public Domain,embedded,"Equal Earth (EPSG:8857) bounding-box width; game convention, not an official national statistic"
geo-burkina-faso,Burkina Faso,geography,projected_width,725.7,km,assets/geography/geo-burkina-faso.svg,Natural Earth Admin 0 Countries,https://www.naturalearthdata.com/downloads/110m-cultural-vectors/110m-admin-0-countries/,Public Domain,embedded,"Equal Earth (EPSG:8857) bounding-box width; game convention, not an official national statistic"
geo-central-african-rep,Central African Rep.,geography,projected_width,1235.0,km,assets/geography/geo-central-african-rep.svg,Natural Earth Admin 0 Countries,https://www.naturalearthdata.com/downloads/110m-cultural-vectors/110m-admin-0-countries/,Public Domain,embedded,"Equal Earth (EPSG:8857) bounding-box width; game convention, not an official national statistic"
geo-congo,Congo,geography,projected_width,704.7,km,assets/geography/geo-congo.svg,Natural Earth Admin 0 Countries,https://www.naturalearthdata.com/downloads/110m-cultural-vectors/110m-admin-0-countries/,Public Domain,embedded,"Equal Earth (EPSG:8857) bounding-box width; game convention, not an official national statistic"
geo-gabon,Gabon,geography,projected_width,539.0,km,assets/geography/geo-gabon.svg,Natural Earth Admin 0 Countries,https://www.naturalearthdata.com/downloads/110m-cultural-vectors/110m-admin-0-countries/,Public Domain,embedded,"Equal Earth (EPSG:8857) bounding-box width; game convention, not an official national statistic"
geo-eq-guinea,Eq. Guinea,geography,projected_width,189.6,km,assets/geography/geo-eq-guinea.svg,Natural Earth Admin 0 Countries,https://www.naturalearthdata.com/downloads/110m-cultural-vectors/110m-admin-0-countries/,Public Domain,embedded,"Equal Earth (EPSG:8857) bounding-box width; game convention, not an official national statistic"
geo-zambia,Zambia,geography,projected_width,1124.5,km,assets/geography/geo-zambia.svg,Natural Earth Admin 0 Countries,https://www.naturalearthdata.com/downloads/110m-cultural-vectors/110m-admin-0-countries/,Public Domain,embedded,"Equal Earth (EPSG:8857) bounding-box width; game convention, not an official national statistic"
geo-malawi,Malawi,geography,projected_width,277.1,km,assets/geography/geo-malawi.svg,Natural Earth Admin 0 Countries,https://www.naturalearthdata.com/downloads/110m-cultural-vectors/110m-admin-0-countries/,Public Domain,embedded,"Equal Earth (EPSG:8857) bounding-box width; game convention, not an official national statistic"
geo-mozambique,Mozambique,geography,projected_width,1000.0,km,assets/geography/geo-mozambique.svg,Natural Earth Admin 0 Countries,https://www.naturalearthdata.com/downloads/110m-cultural-vectors/110m-admin-0-countries/,Public Domain,embedded,"Equal Earth (EPSG:8857) bounding-box width; game convention, not an official national statistic"
geo-eswatini,eSwatini,geography,projected_width,126.1,km,assets/geography/geo-eswatini.svg,Natural Earth Admin 0 Countries,https://www.naturalearthdata.com/downloads/110m-cultural-vectors/110m-admin-0-countries/,Public Domain,embedded,"Equal Earth (EPSG:8857) bounding-box width; game convention, not an official national statistic"
geo-angola,Angola,geography,projected_width,1189.3,km,assets/geography/geo-angola.svg,Natural Earth Admin 0 Countries,https://www.naturalearthdata.com/downloads/110m-cultural-vectors/110m-admin-0-countries/,Public Domain,embedded,"Equal Earth (EPSG:8857) bounding-box width; game convention, not an official national statistic"
geo-burundi,Burundi,geography,projected_width,164.7,km,assets/geography/geo-burundi.svg,Natural Earth Admin 0 Countries,https://www.naturalearthdata.com/downloads/110m-cultural-vectors/110m-admin-0-countries/,Public Domain,embedded,"Equal Earth (EPSG:8857) bounding-box width; game convention, not an official national statistic"
geo-israel,Israel,geography,projected_width,114.6,km,assets/geography/geo-israel.svg,Natural Earth Admin 0 Countries,https://www.naturalearthdata.com/downloads/110m-cultural-vectors/110m-admin-0-countries/,Public Domain,embedded,"Equal Earth (EPSG:8857) bounding-box width; game convention, not an official national statistic"
geo-lebanon,Lebanon,geography,projected_width,112.9,km,assets/geography/geo-lebanon.svg,Natural Earth Admin 0 Countries,https://www.naturalearthdata.com/downloads/110m-cultural-vectors/110m-admin-0-countries/,Public Domain,embedded,"Equal Earth (EPSG:8857) bounding-box width; game convention, not an official national statistic"
geo-madagascar,Madagascar,geography,projected_width,756.9,km,assets/geography/geo-madagascar.svg,Natural Earth Admin 0 Countries,https://www.naturalearthdata.com/downloads/110m-cultural-vectors/110m-admin-0-countries/,Public Domain,embedded,"Equal Earth (EPSG:8857) bounding-box width; game convention, not an official national statistic"
geo-palestine,Palestine,geography,projected_width,52.0,km,assets/geography/geo-palestine.svg,Natural Earth Admin 0 Countries,https://www.naturalearthdata.com/downloads/110m-cultural-vectors/110m-admin-0-countries/,Public Domain,embedded,"Equal Earth (EPSG:8857) bounding-box width; game convention, not an official national statistic"
geo-gambia,Gambia,geography,projected_width,284.4,km,assets/geography/geo-gambia.svg,Natural Earth Admin 0 Countries,https://www.naturalearthdata.com/downloads/110m-cultural-vectors/110m-admin-0-countries/,Public Domain,embedded,"Equal Earth (EPSG:8857) bounding-box width; game convention, not an official national statistic"
geo-tunisia,Tunisia,geography,projected_width,353.4,km,assets/geography/geo-tunisia.svg,Natural Earth Admin 0 Countries,https://www.naturalearthdata.com/downloads/110m-cultural-vectors/110m-admin-0-countries/,Public Domain,embedded,"Equal Earth (EPSG:8857) bounding-box width; game convention, not an official national statistic"
geo-algeria,Algeria,geography,projected_width,1891.6,km,assets/geography/geo-algeria.svg,Natural Earth Admin 0 Countries,https://www.naturalearthdata.com/downloads/110m-cultural-vectors/110m-admin-0-countries/,Public Domain,embedded,"Equal Earth (EPSG:8857) bounding-box width; game convention, not an official national statistic"
geo-jordan,Jordan,geography,projected_width,340.6,km,assets/geography/geo-jordan.svg,Natural Earth Admin 0 Countries,https://www.naturalearthdata.com/downloads/110m-cultural-vectors/110m-admin-0-countries/,Public Domain,embedded,"Equal Earth (EPSG:8857) bounding-box width; game convention, not an official national statistic"
geo-united-arab-emirates,United Arab Emirates,geography,projected_width,429.3,km,assets/geography/geo-united-arab-emirates.svg,Natural Earth Admin 0 Countries,https://www.naturalearthdata.com/downloads/110m-cultural-vectors/110m-admin-0-countries/,Public Domain,embedded,"Equal Earth (EPSG:8857) bounding-box width; game convention, not an official national statistic"
geo-qatar,Qatar,geography,projected_width,83.6,km,assets/geography/geo-qatar.svg,Natural Earth Admin 0 Countries,https://www.naturalearthdata.com/downloads/110m-cultural-vectors/110m-admin-0-countries/,Public Domain,embedded,"Equal Earth (EPSG:8857) bounding-box width; game convention, not an official national statistic"
geo-kuwait,Kuwait,geography,projected_width,176.6,km,assets/geography/geo-kuwait.svg,Natural Earth Admin 0 Countries,https://www.naturalearthdata.com/downloads/110m-cultural-vectors/110m-admin-0-countries/,Public Domain,embedded,"Equal Earth (EPSG:8857) bounding-box width; game convention, not an official national statistic"
geo-iraq,Iraq,geography,projected_width,933.7,km,assets/geography/geo-iraq.svg,Natural Earth Admin 0 Countries,https://www.naturalearthdata.com/downloads/110m-cultural-vectors/110m-admin-0-countries/,Public Domain,embedded,"Equal Earth (EPSG:8857) bounding-box width; game convention, not an official national statistic"
geo-oman,Oman,geography,projected_width,672.6,km,assets/geography/geo-oman.svg,Natural Earth Admin 0 Countries,https://www.naturalearthdata.com/downloads/110m-cultural-vectors/110m-admin-0-countries/,Public Domain,embedded,"Equal Earth (EPSG:8857) bounding-box width; game convention, not an official national statistic"
geo-vanuatu,Vanuatu,geography,projected_width,73.1,km,assets/geography/geo-vanuatu.svg,Natural Earth Admin 0 Countries,https://www.naturalearthdata.com/downloads/110m-cultural-vectors/110m-admin-0-countries/,Public Domain,embedded,"Equal Earth (EPSG:8857) bounding-box width; game convention, not an official national statistic"
geo-cambodia,Cambodia,geography,projected_width,506.5,km,assets/geography/geo-cambodia.svg,Natural Earth Admin 0 Countries,https://www.naturalearthdata.com/downloads/110m-cultural-vectors/110m-admin-0-countries/,Public Domain,embedded,"Equal Earth (EPSG:8857) bounding-box width; game convention, not an official national statistic"
geo-thailand,Thailand,geography,projected_width,852.8,km,assets/geography/geo-thailand.svg,Natural Earth Admin 0 Countries,https://www.naturalearthdata.com/downloads/110m-cultural-vectors/110m-admin-0-countries/,Public Domain,embedded,"Equal Earth (EPSG:8857) bounding-box width; game convention, not an official national statistic"
geo-laos,Laos,geography,projected_width,833.7,km,assets/geography/geo-laos.svg,Natural Earth Admin 0 Countries,https://www.naturalearthdata.com/downloads/110m-cultural-vectors/110m-admin-0-countries/,Public Domain,embedded,"Equal Earth (EPSG:8857) bounding-box width; game convention, not an official national statistic"
geo-myanmar,Myanmar,geography,projected_width,893.1,km,assets/geography/geo-myanmar.svg,Natural Earth Admin 0 Countries,https://www.naturalearthdata.com/downloads/110m-cultural-vectors/110m-admin-0-countries/,Public Domain,embedded,"Equal Earth (EPSG:8857) bounding-box width; game convention, not an official national statistic"
geo-vietnam,Vietnam,geography,projected_width,924.9,km,assets/geography/geo-vietnam.svg,Natural Earth Admin 0 Countries,https://www.naturalearthdata.com/downloads/110m-cultural-vectors/110m-admin-0-countries/,Public Domain,embedded,"Equal Earth (EPSG:8857) bounding-box width; game convention, not an official national statistic"
geo-north-korea,North Korea,geography,projected_width,438.7,km,assets/geography/geo-north-korea.svg,Natural Earth Admin 0 Countries,https://www.naturalearthdata.com/downloads/110m-cultural-vectors/110m-admin-0-countries/,Public Domain,embedded,"Equal Earth (EPSG:8857) bounding-box width; game convention, not an official national statistic"
geo-south-korea,South Korea,geography,projected_width,418.8,km,assets/geography/geo-south-korea.svg,Natural Earth Admin 0 Countries,https://www.naturalearthdata.com/downloads/110m-cultural-vectors/110m-admin-0-countries/,Public Domain,embedded,"Equal Earth (EPSG:8857) bounding-box width; game convention, not an official national statistic"
geo-mongolia,Mongolia,geography,projected_width,2732.2,km,assets/geography/geo-mongolia.svg,Natural Earth Admin 0 Countries,https://www.naturalearthdata.com/downloads/110m-cultural-vectors/110m-admin-0-countries/,Public Domain,embedded,"Equal Earth (EPSG:8857) bounding-box width; game convention, not an official national statistic"
geo-india,India,geography,projected_width,2549.0,km,assets/geography/geo-india.svg,Natural Earth Admin 0 Countries,https://www.naturalearthdata.com/downloads/110m-cultural-vectors/110m-admin-0-countries/,Public Domain,embedded,"Equal Earth (EPSG:8857) bounding-box width; game convention, not an official national statistic"
geo-bangladesh,Bangladesh,geography,projected_width,537.4,km,assets/geography/geo-bangladesh.svg,Natural Earth Admin 0 Countries,https://www.naturalearthdata.com/downloads/110m-cultural-vectors/110m-admin-0-countries/,Public Domain,embedded,"Equal Earth (EPSG:8857) bounding-box width; game convention, not an official national statistic"
geo-bhutan,Bhutan,geography,projected_width,307.6,km,assets/geography/geo-bhutan.svg,Natural Earth Admin 0 Countries,https://www.naturalearthdata.com/downloads/110m-cultural-vectors/110m-admin-0-countries/,Public Domain,embedded,"Equal Earth (EPSG:8857) bounding-box width; game convention, not an official national statistic"
geo-nepal,Nepal,geography,projected_width,796.9,km,assets/geography/geo-nepal.svg,Natural Earth Admin 0 Countries,https://www.naturalearthdata.com/downloads/110m-cultural-vectors/110m-admin-0-countries/,Public Domain,embedded,"Equal Earth (EPSG:8857) bounding-box width; game convention, not an official national statistic"
geo-pakistan,Pakistan,geography,projected_width,1328.5,km,assets/geography/geo-pakistan.svg,Natural Earth Admin 0 Countries,https://www.naturalearthdata.com/downloads/110m-cultural-vectors/110m-admin-0-countries/,Public Domain,embedded,"Equal Earth (EPSG:8857) bounding-box width; game convention, not an official national statistic"
geo-afghanistan,Afghanistan,geography,projected_width,1165.6,km,assets/geography/geo-afghanistan.svg,Natural Earth Admin 0 Countries,https://www.naturalearthdata.com/downloads/110m-cultural-vectors/110m-admin-0-countries/,Public Domain,embedded,"Equal Earth (EPSG:8857) bounding-box width; game convention, not an official national statistic"
geo-tajikistan,Tajikistan,geography,projected_width,709.5,km,assets/geography/geo-tajikistan.svg,Natural Earth Admin 0 Countries,https://www.naturalearthdata.com/downloads/110m-cultural-vectors/110m-admin-0-countries/,Public Domain,embedded,"Equal Earth (EPSG:8857) bounding-box width; game convention, not an official national statistic"
geo-kyrgyzstan,Kyrgyzstan,geography,projected_width,810.6,km,assets/geography/geo-kyrgyzstan.svg,Natural Earth Admin 0 Countries,https://www.naturalearthdata.com/downloads/110m-cultural-vectors/110m-admin-0-countries/,Public Domain,embedded,"Equal Earth (EPSG:8857) bounding-box width; game convention, not an official national statistic"
geo-turkmenistan,Turkmenistan,geography,projected_width,1331.7,km,assets/geography/geo-turkmenistan.svg,Natural Earth Admin 0 Countries,https://www.naturalearthdata.com/downloads/110m-cultural-vectors/110m-admin-0-countries/,Public Domain,embedded,"Equal Earth (EPSG:8857) bounding-box width; game convention, not an official national statistic"
geo-iran,Iran,geography,projected_width,1994.0,km,assets/geography/geo-iran.svg,Natural Earth Admin 0 Countries,https://www.naturalearthdata.com/downloads/110m-cultural-vectors/110m-admin-0-countries/,Public Domain,embedded,"Equal Earth (EPSG:8857) bounding-box width; game convention, not an official national statistic"
geo-syria,Syria,geography,projected_width,525.1,km,assets/geography/geo-syria.svg,Natural Earth Admin 0 Countries,https://www.naturalearthdata.com/downloads/110m-cultural-vectors/110m-admin-0-countries/,Public Domain,embedded,"Equal Earth (EPSG:8857) bounding-box width; game convention, not an official national statistic"
geo-armenia,Armenia,geography,projected_width,303.7,km,assets/geography/geo-armenia.svg,Natural Earth Admin 0 Countries,https://www.naturalearthdata.com/downloads/110m-cultural-vectors/110m-admin-0-countries/,Public Domain,embedded,"Equal Earth (EPSG:8857) bounding-box width; game convention, not an official national statistic"
geo-sweden,Sweden,geography,projected_width,817.3,km,assets/geography/geo-sweden.svg,Natural Earth Admin 0 Countries,https://www.naturalearthdata.com/downloads/110m-cultural-vectors/110m-admin-0-countries/,Public Domain,embedded,"Equal Earth (EPSG:8857) bounding-box width; game convention, not an official national statistic"
geo-belarus,Belarus,geography,projected_width,717.1,km,assets/geography/geo-belarus.svg,Natural Earth Admin 0 Countries,https://www.naturalearthdata.com/downloads/110m-cultural-vectors/110m-admin-0-countries/,Public Domain,embedded,"Equal Earth (EPSG:8857) bounding-box width; game convention, not an official national statistic"
geo-ukraine,Ukraine,geography,projected_width,1431.4,km,assets/geography/geo-ukraine.svg,Natural Earth Admin 0 Countries,https://www.naturalearthdata.com/downloads/110m-cultural-vectors/110m-admin-0-countries/,Public Domain,embedded,"Equal Earth (EPSG:8857) bounding-box width; game convention, not an official national statistic"
geo-poland,Poland,geography,projected_width,808.0,km,assets/geography/geo-poland.svg,Natural Earth Admin 0 Countries,https://www.naturalearthdata.com/downloads/110m-cultural-vectors/110m-admin-0-countries/,Public Domain,embedded,"Equal Earth (EPSG:8857) bounding-box width; game convention, not an official national statistic"
geo-austria,Austria,geography,projected_width,596.2,km,assets/geography/geo-austria.svg,Natural Earth Admin 0 Countries,https://www.naturalearthdata.com/downloads/110m-cultural-vectors/110m-admin-0-countries/,Public Domain,embedded,"Equal Earth (EPSG:8857) bounding-box width; game convention, not an official national statistic"
geo-hungary,Hungary,geography,projected_width,513.3,km,assets/geography/geo-hungary.svg,Natural Earth Admin 0 Countries,https://www.naturalearthdata.com/downloads/110m-cultural-vectors/110m-admin-0-countries/,Public Domain,embedded,"Equal Earth (EPSG:8857) bounding-box width; game convention, not an official national statistic"
geo-moldova,Moldova,geography,projected_width,306.3,km,assets/geography/geo-moldova.svg,Natural Earth Admin 0 Countries,https://www.naturalearthdata.com/downloads/110m-cultural-vectors/110m-admin-0-countries/,Public Domain,embedded,"Equal Earth (EPSG:8857) bounding-box width; game convention, not an official national statistic"
geo-romania,Romania,geography,projected_width,785.9,km,assets/geography/geo-romania.svg,Natural Earth Admin 0 Countries,https://www.naturalearthdata.com/downloads/110m-cultural-vectors/110m-admin-0-countries/,Public Domain,embedded,"Equal Earth (EPSG:8857) bounding-box width; game convention, not an official national statistic"
geo-lithuania,Lithuania,geography,projected_width,431.2,km,assets/geography/geo-lithuania.svg,Natural Earth Admin 0 Countries,https://www.naturalearthdata.com/downloads/110m-cultural-vectors/110m-admin-0-countries/,Public Domain,embedded,"Equal Earth (EPSG:8857) bounding-box width; game convention, not an official national statistic"
geo-latvia,Latvia,geography,projected_width,540.3,km,assets/geography/geo-latvia.svg,Natural Earth Admin 0 Countries,https://www.naturalearthdata.com/downloads/110m-cultural-vectors/110m-admin-0-countries/,Public Domain,embedded,"Equal Earth (EPSG:8857) bounding-box width; game convention, not an official national statistic"
geo-estonia,Estonia,geography,projected_width,346.7,km,assets/geography/geo-estonia.svg,Natural Earth Admin 0 Countries,https://www.naturalearthdata.com/downloads/110m-cultural-vectors/110m-admin-0-countries/,Public Domain,embedded,"Equal Earth (EPSG:8857) bounding-box width; game convention, not an official national statistic"
geo-germany,Germany,geography,projected_width,710.6,km,assets/geography/geo-germany.svg,Natural Earth Admin 0 Countries,https://www.naturalearthdata.com/downloads/110m-cultural-vectors/110m-admin-0-countries/,Public Domain,embedded,"Equal Earth (EPSG:8857) bounding-box width; game convention, not an official national statistic"
geo-bulgaria,Bulgaria,geography,projected_width,513.7,km,assets/geography/geo-bulgaria.svg,Natural Earth Admin 0 Countries,https://www.naturalearthdata.com/downloads/110m-cultural-vectors/110m-admin-0-countries/,Public Domain,embedded,"Equal Earth (EPSG:8857) bounding-box width; game convention, not an official national statistic"
geo-greece,Greece,geography,projected_width,579.6,km,assets/geography/geo-greece.svg,Natural Earth Admin 0 Countries,https://www.naturalearthdata.com/downloads/110m-cultural-vectors/110m-admin-0-countries/,Public Domain,embedded,"Equal Earth (EPSG:8857) bounding-box width; game convention, not an official national statistic"
geo-turkey,Turkey,geography,projected_width,1675.9,km,assets/geography/geo-turkey.svg,Natural Earth Admin 0 Countries,https://www.naturalearthdata.com/downloads/110m-cultural-vectors/110m-admin-0-countries/,Public Domain,embedded,"Equal Earth (EPSG:8857) bounding-box width; game convention, not an official national statistic"
geo-albania,Albania,geography,projected_width,160.6,km,assets/geography/geo-albania.svg,Natural Earth Admin 0 Countries,https://www.naturalearthdata.com/downloads/110m-cultural-vectors/110m-admin-0-countries/,Public Domain,embedded,"Equal Earth (EPSG:8857) bounding-box width; game convention, not an official national statistic"
geo-croatia,Croatia,geography,projected_width,470.5,km,assets/geography/geo-croatia.svg,Natural Earth Admin 0 Countries,https://www.naturalearthdata.com/downloads/110m-cultural-vectors/110m-admin-0-countries/,Public Domain,embedded,"Equal Earth (EPSG:8857) bounding-box width; game convention, not an official national statistic"
geo-switzerland,Switzerland,geography,projected_width,356.4,km,assets/geography/geo-switzerland.svg,Natural Earth Admin 0 Countries,https://www.naturalearthdata.com/downloads/110m-cultural-vectors/110m-admin-0-countries/,Public Domain,embedded,"Equal Earth (EPSG:8857) bounding-box width; game convention, not an official national statistic"
geo-luxembourg,Luxembourg,geography,projected_width,43.7,km,assets/geography/geo-luxembourg.svg,Natural Earth Admin 0 Countries,https://www.naturalearthdata.com/downloads/110m-cultural-vectors/110m-admin-0-countries/,Public Domain,embedded,"Equal Earth (EPSG:8857) bounding-box width; game convention, not an official national statistic"
geo-belgium,Belgium,geography,projected_width,286.9,km,assets/geography/geo-belgium.svg,Natural Earth Admin 0 Countries,https://www.naturalearthdata.com/downloads/110m-cultural-vectors/110m-admin-0-countries/,Public Domain,embedded,"Equal Earth (EPSG:8857) bounding-box width; game convention, not an official national statistic"
geo-netherlands,Netherlands,geography,projected_width,287.0,km,assets/geography/geo-netherlands.svg,Natural Earth Admin 0 Countries,https://www.naturalearthdata.com/downloads/110m-cultural-vectors/110m-admin-0-countries/,Public Domain,embedded,"Equal Earth (EPSG:8857) bounding-box width; game convention, not an official national statistic"
geo-portugal,Portugal,geography,projected_width,277.6,km,assets/geography/geo-portugal.svg,Natural Earth Admin 0 Countries,https://www.naturalearthdata.com/downloads/110m-cultural-vectors/110m-admin-0-countries/,Public Domain,embedded,"Equal Earth (EPSG:8857) bounding-box width; game convention, not an official national statistic"
geo-spain,Spain,geography,projected_width,1037.8,km,assets/geography/geo-spain.svg,Natural Earth Admin 0 Countries,https://www.naturalearthdata.com/downloads/110m-cultural-vectors/110m-admin-0-countries/,Public Domain,embedded,"Equal Earth (EPSG:8857) bounding-box width; game convention, not an official national statistic"
geo-ireland,Ireland,geography,projected_width,312.7,km,assets/geography/geo-ireland.svg,Natural Earth Admin 0 Countries,https://www.naturalearthdata.com/downloads/110m-cultural-vectors/110m-admin-0-countries/,Public Domain,embedded,"Equal Earth (EPSG:8857) bounding-box width; game convention, not an official national statistic"
geo-new-caledonia,New Caledonia,geography,projected_width,190.9,km,assets/geography/geo-new-caledonia.svg,Natural Earth Admin 0 Countries,https://www.naturalearthdata.com/downloads/110m-cultural-vectors/110m-admin-0-countries/,Public Domain,embedded,"Equal Earth (EPSG:8857) bounding-box width; game convention, not an official national statistic"
geo-solomon-is,Solomon Is.,geography,projected_width,484.1,km,assets/geography/geo-solomon-is.svg,Natural Earth Admin 0 Countries,https://www.naturalearthdata.com/downloads/110m-cultural-vectors/110m-admin-0-countries/,Public Domain,embedded,"Equal Earth (EPSG:8857) bounding-box width; game convention, not an official national statistic"
geo-new-zealand,New Zealand,geography,projected_width,1804.9,km,assets/geography/geo-new-zealand.svg,Natural Earth Admin 0 Countries,https://www.naturalearthdata.com/downloads/110m-cultural-vectors/110m-admin-0-countries/,Public Domain,embedded,"Equal Earth (EPSG:8857) bounding-box width; game convention, not an official national statistic"
geo-australia,Australia,geography,projected_width,3870.5,km,assets/geography/geo-australia.svg,Natural Earth Admin 0 Countries,https://www.naturalearthdata.com/downloads/110m-cultural-vectors/110m-admin-0-countries/,Public Domain,embedded,"Equal Earth (EPSG:8857) bounding-box width; game convention, not an official national statistic"
geo-sri-lanka,Sri Lanka,geography,projected_width,205.5,km,assets/geography/geo-sri-lanka.svg,Natural Earth Admin 0 Countries,https://www.naturalearthdata.com/downloads/110m-cultural-vectors/110m-admin-0-countries/,Public Domain,embedded,"Equal Earth (EPSG:8857) bounding-box width; game convention, not an official national statistic"
geo-china,China,geography,projected_width,4717.2,km,assets/geography/geo-china.svg,Natural Earth Admin 0 Countries,https://www.naturalearthdata.com/downloads/110m-cultural-vectors/110m-admin-0-countries/,Public Domain,embedded,"Equal Earth (EPSG:8857) bounding-box width; game convention, not an official national statistic"
geo-taiwan,Taiwan,geography,projected_width,127.7,km,assets/geography/geo-taiwan.svg,Natural Earth Admin 0 Countries,https://www.naturalearthdata.com/downloads/110m-cultural-vectors/110m-admin-0-countries/,Public Domain,embedded,"Equal Earth (EPSG:8857) bounding-box width; game convention, not an official national statistic"
geo-italy,Italy,geography,projected_width,1014.1,km,assets/geography/geo-italy.svg,Natural Earth Admin 0 Countries,https://www.naturalearthdata.com/downloads/110m-cultural-vectors/110m-admin-0-countries/,Public Domain,embedded,"Equal Earth (EPSG:8857) bounding-box width; game convention, not an official national statistic"
geo-denmark,Denmark,geography,projected_width,351.9,km,assets/geography/geo-denmark.svg,Natural Earth Admin 0 Countries,https://www.naturalearthdata.com/downloads/110m-cultural-vectors/110m-admin-0-countries/,Public Domain,embedded,"Equal Earth (EPSG:8857) bounding-box width; game convention, not an official national statistic"
geo-united-kingdom,United Kingdom,geography,projected_width,708.7,km,assets/geography/geo-united-kingdom.svg,Natural Earth Admin 0 Countries,https://www.naturalearthdata.com/downloads/110m-cultural-vectors/110m-admin-0-countries/,Public Domain,embedded,"Equal Earth (EPSG:8857) bounding-box width; game convention, not an official national statistic"
geo-iceland,Iceland,geography,projected_width,725.9,km,assets/geography/geo-iceland.svg,Natural Earth Admin 0 Countries,https://www.naturalearthdata.com/downloads/110m-cultural-vectors/110m-admin-0-countries/,Public Domain,embedded,"Equal Earth (EPSG:8857) bounding-box width; game convention, not an official national statistic"
geo-azerbaijan,Azerbaijan,geography,projected_width,483.9,km,assets/geography/geo-azerbaijan.svg,Natural Earth Admin 0 Countries,https://www.naturalearthdata.com/downloads/110m-cultural-vectors/110m-admin-0-countries/,Public Domain,embedded,"Equal Earth (EPSG:8857) bounding-box width; game convention, not an official national statistic"
geo-georgia,Georgia,geography,projected_width,613.8,km,assets/geography/geo-georgia.svg,Natural Earth Admin 0 Countries,https://www.naturalearthdata.com/downloads/110m-cultural-vectors/110m-admin-0-countries/,Public Domain,embedded,"Equal Earth (EPSG:8857) bounding-box width; game convention, not an official national statistic"
geo-philippines,Philippines,geography,projected_width,908.5,km,assets/geography/geo-philippines.svg,Natural Earth Admin 0 Countries,https://www.naturalearthdata.com/downloads/110m-cultural-vectors/110m-admin-0-countries/,Public Domain,embedded,"Equal Earth (EPSG:8857) bounding-box width; game convention, not an official national statistic"
geo-malaysia,Malaysia,geography,projected_width,1834.2,km,assets/geography/geo-malaysia.svg,Natural Earth Admin 0 Countries,https://www.naturalearthdata.com/downloads/110m-cultural-vectors/110m-admin-0-countries/,Public Domain,embedded,"Equal Earth (EPSG:8857) bounding-box width; game convention, not an official national statistic"
geo-brunei,Brunei,geography,projected_width,111.9,km,assets/geography/geo-brunei.svg,Natural Earth Admin 0 Countries,https://www.naturalearthdata.com/downloads/110m-cultural-vectors/110m-admin-0-countries/,Public Domain,embedded,"Equal Earth (EPSG:8857) bounding-box width; game convention, not an official national statistic"
geo-slovenia,Slovenia,geography,projected_width,229.0,km,assets/geography/geo-slovenia.svg,Natural Earth Admin 0 Countries,https://www.naturalearthdata.com/downloads/110m-cultural-vectors/110m-admin-0-countries/,Public Domain,embedded,"Equal Earth (EPSG:8857) bounding-box width; game convention, not an official national statistic"
geo-finland,Finland,geography,projected_width,855.5,km,assets/geography/geo-finland.svg,Natural Earth Admin 0 Countries,https://www.naturalearthdata.com/downloads/110m-cultural-vectors/110m-admin-0-countries/,Public Domain,embedded,"Equal Earth (EPSG:8857) bounding-box width; game convention, not an official national statistic"
geo-slovakia,Slovakia,geography,projected_width,445.9,km,assets/geography/geo-slovakia.svg,Natural Earth Admin 0 Countries,https://www.naturalearthdata.com/downloads/110m-cultural-vectors/110m-admin-0-countries/,Public Domain,embedded,"Equal Earth (EPSG:8857) bounding-box width; game convention, not an official national statistic"
geo-czechia,Czechia,geography,projected_width,531.3,km,assets/geography/geo-czechia.svg,Natural Earth Admin 0 Countries,https://www.naturalearthdata.com/downloads/110m-cultural-vectors/110m-admin-0-countries/,Public Domain,embedded,"Equal Earth (EPSG:8857) bounding-box width; game convention, not an official national statistic"
geo-eritrea,Eritrea,geography,projected_width,654.5,km,assets/geography/geo-eritrea.svg,Natural Earth Admin 0 Countries,https://www.naturalearthdata.com/downloads/110m-cultural-vectors/110m-admin-0-countries/,Public Domain,embedded,"Equal Earth (EPSG:8857) bounding-box width; game convention, not an official national statistic"
geo-japan,Japan,geography,projected_width,838.6,km,assets/geography/geo-japan.svg,Natural Earth Admin 0 Countries,https://www.naturalearthdata.com/downloads/110m-cultural-vectors/110m-admin-0-countries/,Public Domain,embedded,"Equal Earth (EPSG:8857) bounding-box width; game convention, not an official national statistic"
geo-paraguay,Paraguay,geography,projected_width,815.6,km,assets/geography/geo-paraguay.svg,Natural Earth Admin 0 Countries,https://www.naturalearthdata.com/downloads/110m-cultural-vectors/110m-admin-0-countries/,Public Domain,embedded,"Equal Earth (EPSG:8857) bounding-box width; game convention, not an official national statistic"
geo-yemen,Yemen,geography,projected_width,972.8,km,assets/geography/geo-yemen.svg,Natural Earth Admin 0 Countries,https://www.naturalearthdata.com/downloads/110m-cultural-vectors/110m-admin-0-countries/,Public Domain,embedded,"Equal Earth (EPSG:8857) bounding-box width; game convention, not an official national statistic"
geo-saudi-arabia,Saudi Arabia,geography,projected_width,2016.6,km,assets/geography/geo-saudi-arabia.svg,Natural Earth Admin 0 Countries,https://www.naturalearthdata.com/downloads/110m-cultural-vectors/110m-admin-0-countries/,Public Domain,embedded,"Equal Earth (EPSG:8857) bounding-box width; game convention, not an official national statistic"
geo-antarctica,Antarctica,geography,projected_width,21283.1,km,assets/geography/geo-antarctica.svg,Natural Earth Admin 0 Countries,https://www.naturalearthdata.com/downloads/110m-cultural-vectors/110m-admin-0-countries/,Public Domain,embedded,"Equal Earth (EPSG:8857) bounding-box width; game convention, not an official national statistic"
geo-n-cyprus,N. Cyprus,geography,projected_width,152.5,km,assets/geography/geo-n-cyprus.svg,Natural Earth Admin 0 Countries,https://www.naturalearthdata.com/downloads/110m-cultural-vectors/110m-admin-0-countries/,Public Domain,embedded,"Equal Earth (EPSG:8857) bounding-box width; game convention, not an official national statistic"
geo-cyprus,Cyprus,geography,projected_width,154.8,km,assets/geography/geo-cyprus.svg,Natural Earth Admin 0 Countries,https://www.naturalearthdata.com/downloads/110m-cultural-vectors/110m-admin-0-countries/,Public Domain,embedded,"Equal Earth (EPSG:8857) bounding-box width; game convention, not an official national statistic"
geo-morocco,Morocco,geography,projected_width,1477.3,km,assets/geography/geo-morocco.svg,Natural Earth Admin 0 Countries,https://www.naturalearthdata.com/downloads/110m-cultural-vectors/110m-admin-0-countries/,Public Domain,embedded,"Equal Earth (EPSG:8857) bounding-box width; game convention, not an official national statistic"
geo-egypt,Egypt,geography,projected_width,1196.7,km,assets/geography/geo-egypt.svg,Natural Earth Admin 0 Countries,https://www.naturalearthdata.com/downloads/110m-cultural-vectors/110m-admin-0-countries/,Public Domain,embedded,"Equal Earth (EPSG:8857) bounding-box width; game convention, not an official national statistic"
geo-libya,Libya,geography,projected_width,1477.3,km,assets/geography/geo-libya.svg,Natural Earth Admin 0 Countries,https://www.naturalearthdata.com/downloads/110m-cultural-vectors/110m-admin-0-countries/,Public Domain,embedded,"Equal Earth (EPSG:8857) bounding-box width; game convention, not an official national statistic"
geo-ethiopia,Ethiopia,geography,projected_width,1413.9,km,assets/geography/geo-ethiopia.svg,Natural Earth Admin 0 Countries,https://www.naturalearthdata.com/downloads/110m-cultural-vectors/110m-admin-0-countries/,Public Domain,embedded,"Equal Earth (EPSG:8857) bounding-box width; game convention, not an official national statistic"
geo-djibouti,Djibouti,geography,projected_width,151.7,km,assets/geography/geo-djibouti.svg,Natural Earth Admin 0 Countries,https://www.naturalearthdata.com/downloads/110m-cultural-vectors/110m-admin-0-countries/,Public Domain,embedded,"Equal Earth (EPSG:8857) bounding-box width; game convention, not an official national statistic"
geo-somaliland,Somaliland,geography,projected_width,613.8,km,assets/geography/geo-somaliland.svg,Natural Earth Admin 0 Countries,https://www.naturalearthdata.com/downloads/110m-cultural-vectors/110m-admin-0-countries/,Public Domain,embedded,"Equal Earth (EPSG:8857) bounding-box width; game convention, not an official national statistic"
geo-uganda,Uganda,geography,projected_width,522.2,km,assets/geography/geo-uganda.svg,Natural Earth Admin 0 Countries,https://www.naturalearthdata.com/downloads/110m-cultural-vectors/110m-admin-0-countries/,Public Domain,embedded,"Equal Earth (EPSG:8857) bounding-box width; game convention, not an official national statistic"
geo-rwanda,Rwanda,geography,projected_width,172.6,km,assets/geography/geo-rwanda.svg,Natural Earth Admin 0 Countries,https://www.naturalearthdata.com/downloads/110m-cultural-vectors/110m-admin-0-countries/,Public Domain,embedded,"Equal Earth (EPSG:8857) bounding-box width; game convention, not an official national statistic"
geo-bosnia-and-herz,Bosnia and Herz.,geography,projected_width,325.7,km,assets/geography/geo-bosnia-and-herz.svg,Natural Earth Admin 0 Countries,https://www.naturalearthdata.com/downloads/110m-cultural-vectors/110m-admin-0-countries/,Public Domain,embedded,"Equal Earth (EPSG:8857) bounding-box width; game convention, not an official national statistic"
geo-macedonia,Macedonia,geography,projected_width,211.7,km,assets/geography/geo-macedonia.svg,Natural Earth Admin 0 Countries,https://www.naturalearthdata.com/downloads/110m-cultural-vectors/110m-admin-0-countries/,Public Domain,embedded,"Equal Earth (EPSG:8857) bounding-box width; game convention, not an official national statistic"
geo-serbia,Serbia,geography,projected_width,375.5,km,assets/geography/geo-serbia.svg,Natural Earth Admin 0 Countries,https://www.naturalearthdata.com/downloads/110m-cultural-vectors/110m-admin-0-countries/,Public Domain,embedded,"Equal Earth (EPSG:8857) bounding-box width; game convention, not an official national statistic"
geo-montenegro,Montenegro,geography,projected_width,153.3,km,assets/geography/geo-montenegro.svg,Natural Earth Admin 0 Countries,https://www.naturalearthdata.com/downloads/110m-cultural-vectors/110m-admin-0-countries/,Public Domain,embedded,"Equal Earth (EPSG:8857) bounding-box width; game convention, not an official national statistic"
geo-kosovo,Kosovo,geography,projected_width,141.3,km,assets/geography/geo-kosovo.svg,Natural Earth Admin 0 Countries,https://www.naturalearthdata.com/downloads/110m-cultural-vectors/110m-admin-0-countries/,Public Domain,embedded,"Equal Earth (EPSG:8857) bounding-box width; game convention, not an official national statistic"
geo-trinidad-and-tobago,Trinidad and Tobago,geography,projected_width,107.0,km,assets/geography/geo-trinidad-and-tobago.svg,Natural Earth Admin 0 Countries,https://www.naturalearthdata.com/downloads/110m-cultural-vectors/110m-admin-0-countries/,Public Domain,embedded,"Equal Earth (EPSG:8857) bounding-box width; game convention, not an official national statistic"
geo-s-sudan,S. Sudan,geography,projected_width,1098.0,km,assets/geography/geo-s-sudan.svg,Natural Earth Admin 0 Countries,https://www.naturalearthdata.com/downloads/110m-cultural-vectors/110m-admin-0-countries/,Public Domain,embedded,"Equal Earth (EPSG:8857) bounding-box width; game convention, not an official national statistic"
std-a0,ISO A0 sheet,standard_object,long_side,1189,mm,assets/standards/std-a0.svg,ISO paper/envelope dimensional standard,https://www.iso.org/standard/36631.html,Original geometric SVG; dimensions are factual standards data,embedded,Nominal long side
std-a1,ISO A1 sheet,standard_object,long_side,841,mm,assets/standards/std-a1.svg,ISO paper/envelope dimensional standard,https://www.iso.org/standard/36631.html,Original geometric SVG; dimensions are factual standards data,embedded,Nominal long side
std-a2,ISO A2 sheet,standard_object,long_side,594,mm,assets/standards/std-a2.svg,ISO paper/envelope dimensional standard,https://www.iso.org/standard/36631.html,Original geometric SVG; dimensions are factual standards data,embedded,Nominal long side
std-a3,ISO A3 sheet,standard_object,long_side,420,mm,assets/standards/std-a3.svg,ISO paper/envelope dimensional standard,https://www.iso.org/standard/36631.html,Original geometric SVG; dimensions are factual standards data,embedded,Nominal long side
std-a4,ISO A4 sheet,standard_object,long_side,297,mm,assets/standards/std-a4.svg,ISO paper/envelope dimensional standard,https://www.iso.org/standard/36631.html,Original geometric SVG; dimensions are factual standards data,embedded,Nominal long side
std-a5,ISO A5 sheet,standard_object,long_side,210,mm,assets/standards/std-a5.svg,ISO paper/envelope dimensional standard,https://www.iso.org/standard/36631.html,Original geometric SVG; dimensions are factual standards data,embedded,Nominal long side
std-a6,ISO A6 sheet,standard_object,long_side,148,mm,assets/standards/std-a6.svg,ISO paper/envelope dimensional standard,https://www.iso.org/standard/36631.html,Original geometric SVG; dimensions are factual standards data,embedded,Nominal long side
std-a7,ISO A7 sheet,standard_object,long_side,105,mm,assets/standards/std-a7.svg,ISO paper/envelope dimensional standard,https://www.iso.org/standard/36631.html,Original geometric SVG; dimensions are factual standards data,embedded,Nominal long side
std-a8,ISO A8 sheet,standard_object,long_side,74,mm,assets/standards/std-a8.svg,ISO paper/envelope dimensional standard,https://www.iso.org/standard/36631.html,Original geometric SVG; dimensions are factual standards data,embedded,Nominal long side
std-a9,ISO A9 sheet,standard_object,long_side,52,mm,assets/standards/std-a9.svg,ISO paper/envelope dimensional standard,https://www.iso.org/standard/36631.html,Original geometric SVG; dimensions are factual standards data,embedded,Nominal long side
std-a10,ISO A10 sheet,standard_object,long_side,37,mm,assets/standards/std-a10.svg,ISO paper/envelope dimensional standard,https://www.iso.org/standard/36631.html,Original geometric SVG; dimensions are factual standards data,embedded,Nominal long side
std-b0,ISO B0 sheet,standard_object,long_side,1414,mm,assets/standards/std-b0.svg,ISO paper/envelope dimensional standard,https://www.iso.org/standard/36631.html,Original geometric SVG; dimensions are factual standards data,embedded,Nominal long side
std-b1,ISO B1 sheet,standard_object,long_side,1000,mm,assets/standards/std-b1.svg,ISO paper/envelope dimensional standard,https://www.iso.org/standard/36631.html,Original geometric SVG; dimensions are factual standards data,embedded,Nominal long side
std-b2,ISO B2 sheet,standard_object,long_side,707,mm,assets/standards/std-b2.svg,ISO paper/envelope dimensional standard,https://www.iso.org/standard/36631.html,Original geometric SVG; dimensions are factual standards data,embedded,Nominal long side
std-b3,ISO B3 sheet,standard_object,long_side,500,mm,assets/standards/std-b3.svg,ISO paper/envelope dimensional standard,https://www.iso.org/standard/36631.html,Original geometric SVG; dimensions are factual standards data,embedded,Nominal long side
std-b4,ISO B4 sheet,standard_object,long_side,353,mm,assets/standards/std-b4.svg,ISO paper/envelope dimensional standard,https://www.iso.org/standard/36631.html,Original geometric SVG; dimensions are factual standards data,embedded,Nominal long side
std-b5,ISO B5 sheet,standard_object,long_side,250,mm,assets/standards/std-b5.svg,ISO paper/envelope dimensional standard,https://www.iso.org/standard/36631.html,Original geometric SVG; dimensions are factual standards data,embedded,Nominal long side
std-b6,ISO B6 sheet,standard_object,long_side,176,mm,assets/standards/std-b6.svg,ISO paper/envelope dimensional standard,https://www.iso.org/standard/36631.html,Original geometric SVG; dimensions are factual standards data,embedded,Nominal long side
std-b7,ISO B7 sheet,standard_object,long_side,125,mm,assets/standards/std-b7.svg,ISO paper/envelope dimensional standard,https://www.iso.org/standard/36631.html,Original geometric SVG; dimensions are factual standards data,embedded,Nominal long side
std-b8,ISO B8 sheet,standard_object,long_side,88,mm,assets/standards/std-b8.svg,ISO paper/envelope dimensional standard,https://www.iso.org/standard/36631.html,Original geometric SVG; dimensions are factual standards data,embedded,Nominal long side
std-b9,ISO B9 sheet,standard_object,long_side,62,mm,assets/standards/std-b9.svg,ISO paper/envelope dimensional standard,https://www.iso.org/standard/36631.html,Original geometric SVG; dimensions are factual standards data,embedded,Nominal long side
std-b10,ISO B10 sheet,standard_object,long_side,44,mm,assets/standards/std-b10.svg,ISO paper/envelope dimensional standard,https://www.iso.org/standard/36631.html,Original geometric SVG; dimensions are factual standards data,embedded,Nominal long side
std-c0,C0 envelope,standard_object,long_side,1297,mm,assets/standards/std-c0.svg,ISO paper/envelope dimensional standard,https://www.iso.org/standard/36631.html,Original geometric SVG; dimensions are factual standards data,embedded,Nominal long side
std-c1,C1 envelope,standard_object,long_side,917,mm,assets/standards/std-c1.svg,ISO paper/envelope dimensional standard,https://www.iso.org/standard/36631.html,Original geometric SVG; dimensions are factual standards data,embedded,Nominal long side
std-c2,C2 envelope,standard_object,long_side,648,mm,assets/standards/std-c2.svg,ISO paper/envelope dimensional standard,https://www.iso.org/standard/36631.html,Original geometric SVG; dimensions are factual standards data,embedded,Nominal long side
std-c3,C3 envelope,standard_object,long_side,458,mm,assets/standards/std-c3.svg,ISO paper/envelope dimensional standard,https://www.iso.org/standard/36631.html,Original geometric SVG; dimensions are factual standards data,embedded,Nominal long side
std-c4,C4 envelope,standard_object,long_side,324,mm,assets/standards/std-c4.svg,ISO paper/envelope dimensional standard,https://www.iso.org/standard/36631.html,Original geometric SVG; dimensions are factual standards data,embedded,Nominal long side
std-c5,C5 envelope,standard_object,long_side,229,mm,assets/standards/std-c5.svg,ISO paper/envelope dimensional standard,https://www.iso.org/standard/36631.html,Original geometric SVG; dimensions are factual standards data,embedded,Nominal long side
std-c6,C6 envelope,standard_object,long_side,162,mm,assets/standards/std-c6.svg,ISO paper/envelope dimensional standard,https://www.iso.org/standard/36631.html,Original geometric SVG; dimensions are factual standards data,embedded,Nominal long side
std-c7,C7 envelope,standard_object,long_side,114,mm,assets/standards/std-c7.svg,ISO paper/envelope dimensional standard,https://www.iso.org/standard/36631.html,Original geometric SVG; dimensions are factual standards data,embedded,Nominal long side
std-c8,C8 envelope,standard_object,long_side,81,mm,assets/standards/std-c8.svg,ISO paper/envelope dimensional standard,https://www.iso.org/standard/36631.html,Original geometric SVG; dimensions are factual standards data,embedded,Nominal long side
std-c9,C9 envelope,standard_object,long_side,57,mm,assets/standards/std-c9.svg,ISO paper/envelope dimensional standard,https://www.iso.org/standard/36631.html,Original geometric SVG; dimensions are factual standards data,embedded,Nominal long side
std-c10,C10 envelope,standard_object,long_side,40,mm,assets/standards/std-c10.svg,ISO paper/envelope dimensional standard,https://www.iso.org/standard/36631.html,Original geometric SVG; dimensions are factual standards data,embedded,Nominal long side
sport-association-football-pitch-fifa-recommended-international,Association football pitch (FIFA recommended international),sports,length,105,m,assets/standards/sport-association-football-pitch-fifa-recommended-international.svg,Published sport dimensional rules / reference dimensions,,Original geometric SVG; dimensions are factual rules data,embedded,Named reference variant
sport-basketball-court-fiba,Basketball court (FIBA),sports,length,28,m,assets/standards/sport-basketball-court-fiba.svg,Published sport dimensional rules / reference dimensions,,Original geometric SVG; dimensions are factual rules data,embedded,Named reference variant
sport-tennis-court,Tennis court,sports,length,23.77,m,assets/standards/sport-tennis-court.svg,Published sport dimensional rules / reference dimensions,,Original geometric SVG; dimensions are factual rules data,embedded,Named reference variant
sport-volleyball-court,Volleyball court,sports,length,18,m,assets/standards/sport-volleyball-court.svg,Published sport dimensional rules / reference dimensions,,Original geometric SVG; dimensions are factual rules data,embedded,Named reference variant
sport-badminton-court-doubles,Badminton court (doubles),sports,length,13.4,m,assets/standards/sport-badminton-court-doubles.svg,Published sport dimensional rules / reference dimensions,,Original geometric SVG; dimensions are factual rules data,embedded,Named reference variant
sport-handball-court,Handball court,sports,length,40,m,assets/standards/sport-handball-court.svg,Published sport dimensional rules / reference dimensions,,Original geometric SVG; dimensions are factual rules data,embedded,Named reference variant
sport-futsal-court-international-reference,Futsal court (international reference),sports,length,40,m,assets/standards/sport-futsal-court-international-reference.svg,Published sport dimensional rules / reference dimensions,,Original geometric SVG; dimensions are factual rules data,embedded,Named reference variant
sport-ice-hockey-rink-iihf,Ice hockey rink (IIHF),sports,length,60,m,assets/standards/sport-ice-hockey-rink-iihf.svg,Published sport dimensional rules / reference dimensions,,Original geometric SVG; dimensions are factual rules data,embedded,Named reference variant
sport-olympic-swimming-pool,Olympic swimming pool,sports,length,50,m,assets/standards/sport-olympic-swimming-pool.svg,Published sport dimensional rules / reference dimensions,,Original geometric SVG; dimensions are factual rules data,embedded,Named reference variant
sport-water-polo-field-men-max,Water polo field (men max),sports,length,30,m,assets/standards/sport-water-polo-field-men-max.svg,Published sport dimensional rules / reference dimensions,,Original geometric SVG; dimensions are factual rules data,embedded,Named reference variant
sport-rugby-union-field-of-play,Rugby union field of play,sports,length,100,m,assets/standards/sport-rugby-union-field-of-play.svg,Published sport dimensional rules / reference dimensions,,Original geometric SVG; dimensions are factual rules data,embedded,Named reference variant
sport-rugby-league-field-of-play,Rugby league field of play,sports,length,100,m,assets/standards/sport-rugby-league-field-of-play.svg,Published sport dimensional rules / reference dimensions,,Original geometric SVG; dimensions are factual rules data,embedded,Named reference variant
sport-american-football-field-incl-end-zones,American football field incl. end zones,sports,length,109.728,m,assets/standards/sport-american-football-field-incl-end-zones.svg,Published sport dimensional rules / reference dimensions,,Original geometric SVG; dimensions are factual rules data,embedded,Named reference variant
sport-baseball-basepath-square,Baseball basepath square,sports,length,27.432,m,assets/standards/sport-baseball-basepath-square.svg,Published sport dimensional rules / reference dimensions,,Original geometric SVG; dimensions are factual rules data,embedded,Named reference variant
sport-softball-basepath-square,Softball basepath square,sports,length,18.29,m,assets/standards/sport-softball-basepath-square.svg,Published sport dimensional rules / reference dimensions,,Original geometric SVG; dimensions are factual rules data,embedded,Named reference variant
sport-table-tennis-table,Table tennis table,sports,length,2.74,m,assets/standards/sport-table-tennis-table.svg,Published sport dimensional rules / reference dimensions,,Original geometric SVG; dimensions are factual rules data,embedded,Named reference variant
sport-snooker-table-playing-surface,Snooker table playing surface,sports,length,3.569,m,assets/standards/sport-snooker-table-playing-surface.svg,Published sport dimensional rules / reference dimensions,,Original geometric SVG; dimensions are factual rules data,embedded,Named reference variant
sport-pool-table-9-foot-playing-surface,Pool table 9-foot playing surface,sports,length,2.54,m,assets/standards/sport-pool-table-9-foot-playing-surface.svg,Published sport dimensional rules / reference dimensions,,Original geometric SVG; dimensions are factual rules data,embedded,Named reference variant
sport-boxing-ring-reference,Boxing ring reference,sports,length,6.1,m,assets/standards/sport-boxing-ring-reference.svg,Published sport dimensional rules / reference dimensions,,Original geometric SVG; dimensions are factual rules data,embedded,Named reference variant
sport-judo-contest-area,Judo contest area,sports,length,8,m,assets/standards/sport-judo-contest-area.svg,Published sport dimensional rules / reference dimensions,,Original geometric SVG; dimensions are factual rules data,embedded,Named reference variant
sport-wrestling-mat-competition-circle,Wrestling mat competition circle,sports,length,9,m,assets/standards/sport-wrestling-mat-competition-circle.svg,Published sport dimensional rules / reference dimensions,,Original geometric SVG; dimensions are factual rules data,embedded,Named reference variant
sport-athletics-track-straight,Athletics track straight,sports,length,84.39,m,assets/standards/sport-athletics-track-straight.svg,Published sport dimensional rules / reference dimensions,,Original geometric SVG; dimensions are factual rules data,embedded,Named reference variant
sport-cricket-pitch,Cricket pitch,sports,length,20.12,m,assets/standards/sport-cricket-pitch.svg,Published sport dimensional rules / reference dimensions,,Original geometric SVG; dimensions are factual rules data,embedded,Named reference variant
sport-sepak-takraw-court,Sepak takraw court,sports,length,13.4,m,assets/standards/sport-sepak-takraw-court.svg,Published sport dimensional rules / reference dimensions,,Original geometric SVG; dimensions are factual rules data,embedded,Named reference variant
sport-padel-court,Padel court,sports,length,20,m,assets/standards/sport-padel-court.svg,Published sport dimensional rules / reference dimensions,,Original geometric SVG; dimensions are factual rules data,embedded,Named reference variant
sport-squash-court,Squash court,sports,length,9.75,m,assets/standards/sport-squash-court.svg,Published sport dimensional rules / reference dimensions,,Original geometric SVG; dimensions are factual rules data,embedded,Named reference variant
sport-netball-court,Netball court,sports,length,30.5,m,assets/standards/sport-netball-court.svg,Published sport dimensional rules / reference dimensions,,Original geometric SVG; dimensions are factual rules data,embedded,Named reference variant
sport-3x3-basketball-court,3x3 basketball court,sports,length,15,m,assets/standards/sport-3x3-basketball-court.svg,Published sport dimensional rules / reference dimensions,,Original geometric SVG; dimensions are factual rules data,embedded,Named reference variant
sport-beach-volleyball-court,Beach volleyball court,sports,length,16,m,assets/standards/sport-beach-volleyball-court.svg,Published sport dimensional rules / reference dimensions,,Original geometric SVG; dimensions are factual rules data,embedded,Named reference variant
sport-curling-sheet,Curling sheet,sports,length,45.72,m,assets/standards/sport-curling-sheet.svg,Published sport dimensional rules / reference dimensions,,Original geometric SVG; dimensions are factual rules data,embedded,Named reference variant
std-20-foot-iso-shipping-container,20-foot ISO shipping container,standard_object,length,6.058,m,assets/standards/std-20-foot-iso-shipping-container.svg,Published dimensional standard / sporting rule,,Original geometric SVG; dimensions are factual data,embedded,Nominal standard dimension
std-40-foot-iso-shipping-container,40-foot ISO shipping container,standard_object,length,12.192,m,assets/standards/std-40-foot-iso-shipping-container.svg,Published dimensional standard / sporting rule,,Original geometric SVG; dimensions are factual data,embedded,Nominal standard dimension
std-45-foot-iso-shipping-container,45-foot ISO shipping container,standard_object,length,13.716,m,assets/standards/std-45-foot-iso-shipping-container.svg,Published dimensional standard / sporting rule,,Original geometric SVG; dimensions are factual data,embedded,Nominal standard dimension
std-standard-european-pallet-eur-1,Standard European pallet EUR 1,standard_object,length,1.2,m,assets/standards/std-standard-european-pallet-eur-1.svg,Published dimensional standard / sporting rule,,Original geometric SVG; dimensions are factual data,embedded,Nominal standard dimension
std-eur-2-pallet,EUR 2 pallet,standard_object,length,1.2,m,assets/standards/std-eur-2-pallet.svg,Published dimensional standard / sporting rule,,Original geometric SVG; dimensions are factual data,embedded,Nominal standard dimension
std-eur-6-half-pallet,EUR 6 half pallet,standard_object,length,0.8,m,assets/standards/std-eur-6-half-pallet.svg,Published dimensional standard / sporting rule,,Original geometric SVG; dimensions are factual data,embedded,Nominal standard dimension
std-us-letter-paper-long-side,US letter paper long side,standard_object,long_side,279.4,mm,assets/standards/std-us-letter-paper-long-side.svg,Published dimensional standard / sporting rule,,Original geometric SVG; dimensions are factual data,embedded,Nominal standard dimension
std-us-legal-paper-long-side,US legal paper long side,standard_object,long_side,355.6,mm,assets/standards/std-us-legal-paper-long-side.svg,Published dimensional standard / sporting rule,,Original geometric SVG; dimensions are factual data,embedded,Nominal standard dimension
std-us-tabloid-paper-long-side,US tabloid paper long side,standard_object,long_side,431.8,mm,assets/standards/std-us-tabloid-paper-long-side.svg,Published dimensional standard / sporting rule,,Original geometric SVG; dimensions are factual data,embedded,Nominal standard dimension
std-compact-disc-diameter,Compact Disc diameter,standard_object,diameter,120,mm,assets/standards/std-compact-disc-diameter.svg,Published dimensional standard / sporting rule,,Original geometric SVG; dimensions are factual data,embedded,Nominal standard dimension
std-mini-cd-diameter,Mini CD diameter,standard_object,diameter,80,mm,assets/standards/std-mini-cd-diameter.svg,Published dimensional standard / sporting rule,,Original geometric SVG; dimensions are factual data,embedded,Nominal standard dimension
std-dvd-diameter,DVD diameter,standard_object,diameter,120,mm,assets/standards/std-dvd-diameter.svg,Published dimensional standard / sporting rule,,Original geometric SVG; dimensions are factual data,embedded,Nominal standard dimension
std-12-inch-vinyl-record,12-inch vinyl record,standard_object,diameter,300,mm,assets/standards/std-12-inch-vinyl-record.svg,Published dimensional standard / sporting rule,,Original geometric SVG; dimensions are factual data,embedded,Nominal standard dimension
std-10-inch-vinyl-record,10-inch vinyl record,standard_object,diameter,250,mm,assets/standards/std-10-inch-vinyl-record.svg,Published dimensional standard / sporting rule,,Original geometric SVG; dimensions are factual data,embedded,Nominal standard dimension
std-7-inch-vinyl-record,7-inch vinyl record,standard_object,diameter,175,mm,assets/standards/std-7-inch-vinyl-record.svg,Published dimensional standard / sporting rule,,Original geometric SVG; dimensions are factual data,embedded,Nominal standard dimension
std-credit-card-id-1-width,Credit card ID-1 width,standard_object,width,85.6,mm,assets/standards/std-credit-card-id-1-width.svg,Published dimensional standard / sporting rule,,Original geometric SVG; dimensions are factual data,embedded,Nominal standard dimension
std-passport-id-3-height,Passport ID-3 height,standard_object,height,125,mm,assets/standards/std-passport-id-3-height.svg,Published dimensional standard / sporting rule,,Original geometric SVG; dimensions are factual data,embedded,Nominal standard dimension
std-sim-card-id-000-width,SIM card ID-000 width,standard_object,width,25,mm,assets/standards/std-sim-card-id-000-width.svg,Published dimensional standard / sporting rule,,Original geometric SVG; dimensions are factual data,embedded,Nominal standard dimension
std-micro-sim-width,Micro-SIM width,standard_object,width,15,mm,assets/standards/std-micro-sim-width.svg,Published dimensional standard / sporting rule,,Original geometric SVG; dimensions are factual data,embedded,Nominal standard dimension
std-nano-sim-width,Nano-SIM width,standard_object,width,12.3,mm,assets/standards/std-nano-sim-width.svg,Published dimensional standard / sporting rule,,Original geometric SVG; dimensions are factual data,embedded,Nominal standard dimension
std-aa-battery-length,AA battery length,standard_object,length,50.5,mm,assets/standards/std-aa-battery-length.svg,Published dimensional standard / sporting rule,,Original geometric SVG; dimensions are factual data,embedded,Nominal standard dimension
std-aaa-battery-length,AAA battery length,standard_object,length,44.5,mm,assets/standards/std-aaa-battery-length.svg,Published dimensional standard / sporting rule,,Original geometric SVG; dimensions are factual data,embedded,Nominal standard dimension
std-c-battery-length,C battery length,standard_object,length,50,mm,assets/standards/std-c-battery-length.svg,Published dimensional standard / sporting rule,,Original geometric SVG; dimensions are factual data,embedded,Nominal standard dimension
std-d-battery-length,D battery length,standard_object,length,61.5,mm,assets/standards/std-d-battery-length.svg,Published dimensional standard / sporting rule,,Original geometric SVG; dimensions are factual data,embedded,Nominal standard dimension
std-9v-pp3-battery-height,9V PP3 battery height,standard_object,height,48.5,mm,assets/standards/std-9v-pp3-battery-height.svg,Published dimensional standard / sporting rule,,Original geometric SVG; dimensions are factual data,embedded,Nominal standard dimension
std-1u-rack-unit,1U rack unit,standard_object,height,44.45,mm,assets/standards/std-1u-rack-unit.svg,Published dimensional standard / sporting rule,,Original geometric SVG; dimensions are factual data,embedded,Nominal standard dimension
std-19-inch-rack-nominal-width,19-inch rack nominal width,standard_object,width,482.6,mm,assets/standards/std-19-inch-rack-nominal-width.svg,Published dimensional standard / sporting rule,,Original geometric SVG; dimensions are factual data,embedded,Nominal standard dimension
std-standard-gauge-railway-track,Standard gauge railway track,standard_object,gauge,1435,mm,assets/standards/std-standard-gauge-railway-track.svg,Published dimensional standard / sporting rule,,Original geometric SVG; dimensions are factual data,embedded,Nominal standard dimension
std-broad-gauge-railway-track-indian,Broad gauge railway track (Indian),standard_object,gauge,1676,mm,assets/standards/std-broad-gauge-railway-track-indian.svg,Published dimensional standard / sporting rule,,Original geometric SVG; dimensions are factual data,embedded,Nominal standard dimension
std-metre-gauge-railway-track,Metre gauge railway track,standard_object,gauge,1000,mm,assets/standards/std-metre-gauge-railway-track.svg,Published dimensional standard / sporting rule,,Original geometric SVG; dimensions are factual data,embedded,Nominal standard dimension
std-olympic-barbell-men,Olympic barbell men,standard_object,length,2.2,m,assets/standards/std-olympic-barbell-men.svg,Published dimensional standard / sporting rule,,Original geometric SVG; dimensions are factual data,embedded,Nominal standard dimension
std-olympic-barbell-women,Olympic barbell women,standard_object,length,2.01,m,assets/standards/std-olympic-barbell-women.svg,Published dimensional standard / sporting rule,,Original geometric SVG; dimensions are factual data,embedded,Nominal standard dimension
std-golf-hole-diameter,Golf hole diameter,standard_object,diameter,108,mm,assets/standards/std-golf-hole-diameter.svg,Published dimensional standard / sporting rule,,Original geometric SVG; dimensions are factual data,embedded,Nominal standard dimension
std-basketball-hoop-height,Basketball hoop height,standard_object,height,3.05,m,assets/standards/std-basketball-hoop-height.svg,Published dimensional standard / sporting rule,,Original geometric SVG; dimensions are factual data,embedded,Nominal standard dimension
std-basketball-rim-diameter,Basketball rim diameter,standard_object,diameter,450,mm,assets/standards/std-basketball-rim-diameter.svg,Published dimensional standard / sporting rule,,Original geometric SVG; dimensions are factual data,embedded,Nominal standard dimension
std-football-goal-width,Football goal width,standard_object,width,7.32,m,assets/standards/std-football-goal-width.svg,Published dimensional standard / sporting rule,,Original geometric SVG; dimensions are factual data,embedded,Nominal standard dimension
std-football-goal-height,Football goal height,standard_object,height,2.44,m,assets/standards/std-football-goal-height.svg,Published dimensional standard / sporting rule,,Original geometric SVG; dimensions are factual data,embedded,Nominal standard dimension
std-handball-goal-width,Handball goal width,standard_object,width,3,m,assets/standards/std-handball-goal-width.svg,Published dimensional standard / sporting rule,,Original geometric SVG; dimensions are factual data,embedded,Nominal standard dimension
std-ice-hockey-goal-width,Ice hockey goal width,standard_object,width,1.83,m,assets/standards/std-ice-hockey-goal-width.svg,Published dimensional standard / sporting rule,,Original geometric SVG; dimensions are factual data,embedded,Nominal standard dimension
std-volleyball-net-men-height,Volleyball net men height,standard_object,height,2.43,m,assets/standards/std-volleyball-net-men-height.svg,Published dimensional standard / sporting rule,,Original geometric SVG; dimensions are factual data,embedded,Nominal standard dimension
space-sun,Sun,space,mean_diameter,1392700,km,assets/space/space-sun.svg,Astronomical reference value; verify against NASA/JPL before production,https://science.nasa.gov/solar-system/,Original geometric SVG (circle); factual measurement data,embedded,"Mean/nominal diameter, rounded"
space-mercury,Mercury,space,mean_diameter,4879,km,assets/space/space-mercury.svg,Astronomical reference value; verify against NASA/JPL before production,https://science.nasa.gov/solar-system/,Original geometric SVG (circle); factual measurement data,embedded,"Mean/nominal diameter, rounded"
space-venus,Venus,space,mean_diameter,12104,km,assets/space/space-venus.svg,Astronomical reference value; verify against NASA/JPL before production,https://science.nasa.gov/solar-system/,Original geometric SVG (circle); factual measurement data,embedded,"Mean/nominal diameter, rounded"
space-earth,Earth,space,mean_diameter,12742,km,assets/space/space-earth.svg,Astronomical reference value; verify against NASA/JPL before production,https://science.nasa.gov/solar-system/,Original geometric SVG (circle); factual measurement data,embedded,"Mean/nominal diameter, rounded"
space-moon,Moon,space,mean_diameter,3474.8,km,assets/space/space-moon.svg,Astronomical reference value; verify against NASA/JPL before production,https://science.nasa.gov/solar-system/,Original geometric SVG (circle); factual measurement data,embedded,"Mean/nominal diameter, rounded"
space-mars,Mars,space,mean_diameter,6779,km,assets/space/space-mars.svg,Astronomical reference value; verify against NASA/JPL before production,https://science.nasa.gov/solar-system/,Original geometric SVG (circle); factual measurement data,embedded,"Mean/nominal diameter, rounded"
space-jupiter,Jupiter,space,mean_diameter,139820,km,assets/space/space-jupiter.svg,Astronomical reference value; verify against NASA/JPL before production,https://science.nasa.gov/solar-system/,Original geometric SVG (circle); factual measurement data,embedded,"Mean/nominal diameter, rounded"
space-saturn,Saturn,space,mean_diameter,116460,km,assets/space/space-saturn.svg,Astronomical reference value; verify against NASA/JPL before production,https://science.nasa.gov/solar-system/,Original geometric SVG (circle); factual measurement data,embedded,"Mean/nominal diameter, rounded"
space-uranus,Uranus,space,mean_diameter,50724,km,assets/space/space-uranus.svg,Astronomical reference value; verify against NASA/JPL before production,https://science.nasa.gov/solar-system/,Original geometric SVG (circle); factual measurement data,embedded,"Mean/nominal diameter, rounded"
space-neptune,Neptune,space,mean_diameter,49244,km,assets/space/space-neptune.svg,Astronomical reference value; verify against NASA/JPL before production,https://science.nasa.gov/solar-system/,Original geometric SVG (circle); factual measurement data,embedded,"Mean/nominal diameter, rounded"
space-pluto,Pluto,space,mean_diameter,2376.6,km,assets/space/space-pluto.svg,Astronomical reference value; verify against NASA/JPL before production,https://science.nasa.gov/solar-system/,Original geometric SVG (circle); factual measurement data,embedded,"Mean/nominal diameter, rounded"
space-ceres,Ceres,space,mean_diameter,939.4,km,assets/space/space-ceres.svg,Astronomical reference value; verify against NASA/JPL before production,https://science.nasa.gov/solar-system/,Original geometric SVG (circle); factual measurement data,embedded,"Mean/nominal diameter, rounded"
space-eris,Eris,space,mean_diameter,2326,km,assets/space/space-eris.svg,Astronomical reference value; verify against NASA/JPL before production,https://science.nasa.gov/solar-system/,Original geometric SVG (circle); factual measurement data,embedded,"Mean/nominal diameter, rounded"
space-haumea,Haumea,space,mean_diameter,1595,km,assets/space/space-haumea.svg,Astronomical reference value; verify against NASA/JPL before production,https://science.nasa.gov/solar-system/,Original geometric SVG (circle); factual measurement data,embedded,"Mean/nominal diameter, rounded"
space-makemake,Makemake,space,mean_diameter,1430,km,assets/space/space-makemake.svg,Astronomical reference value; verify against NASA/JPL before production,https://science.nasa.gov/solar-system/,Original geometric SVG (circle); factual measurement data,embedded,"Mean/nominal diameter, rounded"
space-ganymede,Ganymede,space,mean_diameter,5268.2,km,assets/space/space-ganymede.svg,Astronomical reference value; verify against NASA/JPL before production,https://science.nasa.gov/solar-system/,Original geometric SVG (circle); factual measurement data,embedded,"Mean/nominal diameter, rounded"
space-titan,Titan,space,mean_diameter,5149.5,km,assets/space/space-titan.svg,Astronomical reference value; verify against NASA/JPL before production,https://science.nasa.gov/solar-system/,Original geometric SVG (circle); factual measurement data,embedded,"Mean/nominal diameter, rounded"
space-callisto,Callisto,space,mean_diameter,4820.6,km,assets/space/space-callisto.svg,Astronomical reference value; verify against NASA/JPL before production,https://science.nasa.gov/solar-system/,Original geometric SVG (circle); factual measurement data,embedded,"Mean/nominal diameter, rounded"
space-io,Io,space,mean_diameter,3643.2,km,assets/space/space-io.svg,Astronomical reference value; verify against NASA/JPL before production,https://science.nasa.gov/solar-system/,Original geometric SVG (circle); factual measurement data,embedded,"Mean/nominal diameter, rounded"
space-europa,Europa,space,mean_diameter,3121.6,km,assets/space/space-europa.svg,Astronomical reference value; verify against NASA/JPL before production,https://science.nasa.gov/solar-system/,Original geometric SVG (circle); factual measurement data,embedded,"Mean/nominal diameter, rounded"
space-triton,Triton,space,mean_diameter,2706.8,km,assets/space/space-triton.svg,Astronomical reference value; verify against NASA/JPL before production,https://science.nasa.gov/solar-system/,Original geometric SVG (circle); factual measurement data,embedded,"Mean/nominal diameter, rounded"
space-titania,Titania,space,mean_diameter,1577.8,km,assets/space/space-titania.svg,Astronomical reference value; verify against NASA/JPL before production,https://science.nasa.gov/solar-system/,Original geometric SVG (circle); factual measurement data,embedded,"Mean/nominal diameter, rounded"
space-rhea,Rhea,space,mean_diameter,1527.6,km,assets/space/space-rhea.svg,Astronomical reference value; verify against NASA/JPL before production,https://science.nasa.gov/solar-system/,Original geometric SVG (circle); factual measurement data,embedded,"Mean/nominal diameter, rounded"
space-iapetus,Iapetus,space,mean_diameter,1468.6,km,assets/space/space-iapetus.svg,Astronomical reference value; verify against NASA/JPL before production,https://science.nasa.gov/solar-system/,Original geometric SVG (circle); factual measurement data,embedded,"Mean/nominal diameter, rounded"
space-charon,Charon,space,mean_diameter,1212,km,assets/space/space-charon.svg,Astronomical reference value; verify against NASA/JPL before production,https://science.nasa.gov/solar-system/,Original geometric SVG (circle); factual measurement data,embedded,"Mean/nominal diameter, rounded"
space-enceladus,Enceladus,space,mean_diameter,504.2,km,assets/space/space-enceladus.svg,Astronomical reference value; verify against NASA/JPL before production,https://science.nasa.gov/solar-system/,Original geometric SVG (circle); factual measurement data,embedded,"Mean/nominal diameter, rounded"
space-mimas,Mimas,space,mean_diameter,396.4,km,assets/space/space-mimas.svg,Astronomical reference value; verify against NASA/JPL before production,https://science.nasa.gov/solar-system/,Original geometric SVG (circle); factual measurement data,embedded,"Mean/nominal diameter, rounded"
space-vesta,Vesta,space,mean_diameter,525.4,km,assets/space/space-vesta.svg,Astronomical reference value; verify against NASA/JPL before production,https://science.nasa.gov/solar-system/,Original geometric SVG (circle); factual measurement data,embedded,"Mean/nominal diameter, rounded"
space-pallas,Pallas,space,mean_diameter,512,km,assets/space/space-pallas.svg,Astronomical reference value; verify against NASA/JPL before production,https://science.nasa.gov/solar-system/,Original geometric SVG (circle); factual measurement data,embedded,"Mean/nominal diameter, rounded"
space-bennu,Bennu,space,mean_diameter,0.492,km,assets/space/space-bennu.svg,Astronomical reference value; verify against NASA/JPL before production,https://science.nasa.gov/solar-system/,Original geometric SVG (circle); factual measurement data,embedded,"Mean/nominal diameter, rounded"
